fichier,arousal,valence
0,DATA_SPECTRO/16/0.png,3,5
1,DATA_SPECTRO/16/1.png,3,5
2,DATA_SPECTRO/16/10.png,3,5
3,DATA_SPECTRO/16/11.png,3,5
4,DATA_SPECTRO/16/12.png,3,5
5,DATA_SPECTRO/16/13.png,3,5
6,DATA_SPECTRO/16/14.png,3,5
7,DATA_SPECTRO/16/15.png,3,5
8,DATA_SPECTRO/16/16.png,3,5
9,DATA_SPECTRO/16/17.png,3,5
10,DATA_SPECTRO/16/18.png,3,5
11,DATA_SPECTRO/16/19.png,3,5
12,DATA_SPECTRO/16/2.png,3,5
13,DATA_SPECTRO/16/20.png,3,5
14,DATA_SPECTRO/16/21.png,3,5
15,DATA_SPECTRO/16/22.png,3,5
16,DATA_SPECTRO/16/23.png,3,5
17,DATA_SPECTRO/16/24.png,3,5
18,DATA_SPECTRO/16/25.png,3,5
19,DATA_SPECTRO/16/26.png,3,5
20,DATA_SPECTRO/16/27.png,3,5
21,DATA_SPECTRO/16/28.png,3,5
22,DATA_SPECTRO/16/29.png,3,5
23,DATA_SPECTRO/16/3.png,3,5
24,DATA_SPECTRO/16/30.png,3,5
25,DATA_SPECTRO/16/31.png,3,5
26,DATA_SPECTRO/16/32.png,3,5
27,DATA_SPECTRO/16/33.png,3,5
28,DATA_SPECTRO/16/34.png,3,5
29,DATA_SPECTRO/16/35.png,3,5
30,DATA_SPECTRO/16/36.png,3,5
31,DATA_SPECTRO/16/37.png,3,5
32,DATA_SPECTRO/16/38.png,3,5
33,DATA_SPECTRO/16/39.png,3,5
34,DATA_SPECTRO/16/4.png,3,5
35,DATA_SPECTRO/16/40.png,3,5
36,DATA_SPECTRO/16/41.png,3,5
37,DATA_SPECTRO/16/42.png,3,5
38,DATA_SPECTRO/16/43.png,3,5
39,DATA_SPECTRO/16/44.png,3,5
40,DATA_SPECTRO/16/45.png,3,5
41,DATA_SPECTRO/16/46.png,3,5
42,DATA_SPECTRO/16/47.png,3,5
43,DATA_SPECTRO/16/48.png,3,5
44,DATA_SPECTRO/16/49.png,3,5
45,DATA_SPECTRO/16/5.png,3,5
46,DATA_SPECTRO/16/50.png,3,5
47,DATA_SPECTRO/16/51.png,3,5
48,DATA_SPECTRO/16/52.png,3,5
49,DATA_SPECTRO/16/53.png,3,5
50,DATA_SPECTRO/16/54.png,3,5
51,DATA_SPECTRO/16/55.png,3,5
52,DATA_SPECTRO/16/56.png,3,5
53,DATA_SPECTRO/16/57.png,3,5
54,DATA_SPECTRO/16/58.png,3,5
55,DATA_SPECTRO/16/59.png,3,5
56,DATA_SPECTRO/16/6.png,3,5
57,DATA_SPECTRO/16/60.png,3,5
58,DATA_SPECTRO/16/61.png,3,5
59,DATA_SPECTRO/16/62.png,3,5
60,DATA_SPECTRO/16/63.png,3,5
61,DATA_SPECTRO/16/64.png,3,5
62,DATA_SPECTRO/16/65.png,3,5
63,DATA_SPECTRO/16/7.png,3,5
64,DATA_SPECTRO/16/8.png,3,5
65,DATA_SPECTRO/16/9.png,3,5
66,DATA_SPECTRO/17/0.png,3,7
67,DATA_SPECTRO/17/1.png,3,7
68,DATA_SPECTRO/17/10.png,3,7
69,DATA_SPECTRO/17/11.png,3,7
70,DATA_SPECTRO/17/12.png,3,7
71,DATA_SPECTRO/17/13.png,3,7
72,DATA_SPECTRO/17/14.png,3,7
73,DATA_SPECTRO/17/15.png,3,7
74,DATA_SPECTRO/17/16.png,3,7
75,DATA_SPECTRO/17/17.png,3,7
76,DATA_SPECTRO/17/18.png,3,7
77,DATA_SPECTRO/17/19.png,3,7
78,DATA_SPECTRO/17/2.png,3,7
79,DATA_SPECTRO/17/20.png,3,7
80,DATA_SPECTRO/17/21.png,3,7
81,DATA_SPECTRO/17/22.png,3,7
82,DATA_SPECTRO/17/23.png,3,7
83,DATA_SPECTRO/17/24.png,3,7
84,DATA_SPECTRO/17/25.png,3,7
85,DATA_SPECTRO/17/26.png,3,7
86,DATA_SPECTRO/17/27.png,3,7
87,DATA_SPECTRO/17/28.png,3,7
88,DATA_SPECTRO/17/29.png,3,7
89,DATA_SPECTRO/17/3.png,3,7
90,DATA_SPECTRO/17/30.png,3,7
91,DATA_SPECTRO/17/31.png,3,7
92,DATA_SPECTRO/17/32.png,3,7
93,DATA_SPECTRO/17/33.png,3,7
94,DATA_SPECTRO/17/34.png,3,7
95,DATA_SPECTRO/17/35.png,3,7
96,DATA_SPECTRO/17/36.png,3,7
97,DATA_SPECTRO/17/37.png,3,7
98,DATA_SPECTRO/17/38.png,3,7
99,DATA_SPECTRO/17/39.png,3,7
100,DATA_SPECTRO/17/4.png,3,7
101,DATA_SPECTRO/17/40.png,3,7
102,DATA_SPECTRO/17/41.png,3,7
103,DATA_SPECTRO/17/42.png,3,7
104,DATA_SPECTRO/17/43.png,3,7
105,DATA_SPECTRO/17/44.png,3,7
106,DATA_SPECTRO/17/45.png,3,7
107,DATA_SPECTRO/17/46.png,3,7
108,DATA_SPECTRO/17/47.png,3,7
109,DATA_SPECTRO/17/48.png,3,7
110,DATA_SPECTRO/17/49.png,3,7
111,DATA_SPECTRO/17/5.png,3,7
112,DATA_SPECTRO/17/50.png,3,7
113,DATA_SPECTRO/17/51.png,3,7
114,DATA_SPECTRO/17/52.png,3,7
115,DATA_SPECTRO/17/53.png,3,7
116,DATA_SPECTRO/17/54.png,3,7
117,DATA_SPECTRO/17/6.png,3,7
118,DATA_SPECTRO/17/7.png,3,7
119,DATA_SPECTRO/17/8.png,3,7
120,DATA_SPECTRO/17/9.png,3,7
121,DATA_SPECTRO/19/0.png,5,4
122,DATA_SPECTRO/19/1.png,5,4
123,DATA_SPECTRO/19/10.png,5,4
124,DATA_SPECTRO/19/11.png,5,4
125,DATA_SPECTRO/19/12.png,5,4
126,DATA_SPECTRO/19/13.png,5,4
127,DATA_SPECTRO/19/14.png,5,4
128,DATA_SPECTRO/19/15.png,5,4
129,DATA_SPECTRO/19/16.png,5,4
130,DATA_SPECTRO/19/17.png,5,4
131,DATA_SPECTRO/19/18.png,5,4
132,DATA_SPECTRO/19/19.png,5,4
133,DATA_SPECTRO/19/2.png,5,4
134,DATA_SPECTRO/19/20.png,5,4
135,DATA_SPECTRO/19/21.png,5,4
136,DATA_SPECTRO/19/22.png,5,4
137,DATA_SPECTRO/19/23.png,5,4
138,DATA_SPECTRO/19/24.png,5,4
139,DATA_SPECTRO/19/25.png,5,4
140,DATA_SPECTRO/19/26.png,5,4
141,DATA_SPECTRO/19/27.png,5,4
142,DATA_SPECTRO/19/28.png,5,4
143,DATA_SPECTRO/19/29.png,5,4
144,DATA_SPECTRO/19/3.png,5,4
145,DATA_SPECTRO/19/30.png,5,4
146,DATA_SPECTRO/19/31.png,5,4
147,DATA_SPECTRO/19/32.png,5,4
148,DATA_SPECTRO/19/33.png,5,4
149,DATA_SPECTRO/19/34.png,5,4
150,DATA_SPECTRO/19/35.png,5,4
151,DATA_SPECTRO/19/36.png,5,4
152,DATA_SPECTRO/19/37.png,5,4
153,DATA_SPECTRO/19/38.png,5,4
154,DATA_SPECTRO/19/39.png,5,4
155,DATA_SPECTRO/19/4.png,5,4
156,DATA_SPECTRO/19/40.png,5,4
157,DATA_SPECTRO/19/41.png,5,4
158,DATA_SPECTRO/19/42.png,5,4
159,DATA_SPECTRO/19/43.png,5,4
160,DATA_SPECTRO/19/44.png,5,4
161,DATA_SPECTRO/19/45.png,5,4
162,DATA_SPECTRO/19/46.png,5,4
163,DATA_SPECTRO/19/47.png,5,4
164,DATA_SPECTRO/19/48.png,5,4
165,DATA_SPECTRO/19/49.png,5,4
166,DATA_SPECTRO/19/5.png,5,4
167,DATA_SPECTRO/19/50.png,5,4
168,DATA_SPECTRO/19/51.png,5,4
169,DATA_SPECTRO/19/52.png,5,4
170,DATA_SPECTRO/19/53.png,5,4
171,DATA_SPECTRO/19/54.png,5,4
172,DATA_SPECTRO/19/55.png,5,4
173,DATA_SPECTRO/19/56.png,5,4
174,DATA_SPECTRO/19/57.png,5,4
175,DATA_SPECTRO/19/58.png,5,4
176,DATA_SPECTRO/19/59.png,5,4
177,DATA_SPECTRO/19/6.png,5,4
178,DATA_SPECTRO/19/60.png,5,4
179,DATA_SPECTRO/19/61.png,5,4
180,DATA_SPECTRO/19/62.png,5,4
181,DATA_SPECTRO/19/63.png,5,4
182,DATA_SPECTRO/19/64.png,5,4
183,DATA_SPECTRO/19/65.png,5,4
184,DATA_SPECTRO/19/7.png,5,4
185,DATA_SPECTRO/19/8.png,5,4
186,DATA_SPECTRO/19/9.png,5,4
187,DATA_SPECTRO/21/0.png,6,7
188,DATA_SPECTRO/21/1.png,6,7
189,DATA_SPECTRO/21/10.png,6,7
190,DATA_SPECTRO/21/11.png,6,7
191,DATA_SPECTRO/21/12.png,6,7
192,DATA_SPECTRO/21/13.png,6,7
193,DATA_SPECTRO/21/14.png,6,7
194,DATA_SPECTRO/21/15.png,6,7
195,DATA_SPECTRO/21/16.png,6,7
196,DATA_SPECTRO/21/17.png,6,7
197,DATA_SPECTRO/21/18.png,6,7
198,DATA_SPECTRO/21/19.png,6,7
199,DATA_SPECTRO/21/2.png,6,7
200,DATA_SPECTRO/21/20.png,6,7
201,DATA_SPECTRO/21/21.png,6,7
202,DATA_SPECTRO/21/22.png,6,7
203,DATA_SPECTRO/21/23.png,6,7
204,DATA_SPECTRO/21/24.png,6,7
205,DATA_SPECTRO/21/25.png,6,7
206,DATA_SPECTRO/21/26.png,6,7
207,DATA_SPECTRO/21/27.png,6,7
208,DATA_SPECTRO/21/28.png,6,7
209,DATA_SPECTRO/21/29.png,6,7
210,DATA_SPECTRO/21/3.png,6,7
211,DATA_SPECTRO/21/30.png,6,7
212,DATA_SPECTRO/21/31.png,6,7
213,DATA_SPECTRO/21/32.png,6,7
214,DATA_SPECTRO/21/33.png,6,7
215,DATA_SPECTRO/21/34.png,6,7
216,DATA_SPECTRO/21/35.png,6,7
217,DATA_SPECTRO/21/36.png,6,7
218,DATA_SPECTRO/21/37.png,6,7
219,DATA_SPECTRO/21/38.png,6,7
220,DATA_SPECTRO/21/39.png,6,7
221,DATA_SPECTRO/21/4.png,6,7
222,DATA_SPECTRO/21/40.png,6,7
223,DATA_SPECTRO/21/41.png,6,7
224,DATA_SPECTRO/21/42.png,6,7
225,DATA_SPECTRO/21/43.png,6,7
226,DATA_SPECTRO/21/44.png,6,7
227,DATA_SPECTRO/21/45.png,6,7
228,DATA_SPECTRO/21/46.png,6,7
229,DATA_SPECTRO/21/47.png,6,7
230,DATA_SPECTRO/21/48.png,6,7
231,DATA_SPECTRO/21/49.png,6,7
232,DATA_SPECTRO/21/5.png,6,7
233,DATA_SPECTRO/21/50.png,6,7
234,DATA_SPECTRO/21/51.png,6,7
235,DATA_SPECTRO/21/52.png,6,7
236,DATA_SPECTRO/21/53.png,6,7
237,DATA_SPECTRO/21/54.png,6,7
238,DATA_SPECTRO/21/55.png,6,7
239,DATA_SPECTRO/21/56.png,6,7
240,DATA_SPECTRO/21/57.png,6,7
241,DATA_SPECTRO/21/58.png,6,7
242,DATA_SPECTRO/21/59.png,6,7
243,DATA_SPECTRO/21/6.png,6,7
244,DATA_SPECTRO/21/60.png,6,7
245,DATA_SPECTRO/21/61.png,6,7
246,DATA_SPECTRO/21/62.png,6,7
247,DATA_SPECTRO/21/63.png,6,7
248,DATA_SPECTRO/21/64.png,6,7
249,DATA_SPECTRO/21/65.png,6,7
250,DATA_SPECTRO/21/66.png,6,7
251,DATA_SPECTRO/21/67.png,6,7
252,DATA_SPECTRO/21/68.png,6,7
253,DATA_SPECTRO/21/69.png,6,7
254,DATA_SPECTRO/21/7.png,6,7
255,DATA_SPECTRO/21/70.png,6,7
256,DATA_SPECTRO/21/71.png,6,7
257,DATA_SPECTRO/21/72.png,6,7
258,DATA_SPECTRO/21/73.png,6,7
259,DATA_SPECTRO/21/8.png,6,7
260,DATA_SPECTRO/21/9.png,6,7
261,DATA_SPECTRO/23/0.png,4,4
262,DATA_SPECTRO/23/1.png,4,4
263,DATA_SPECTRO/23/10.png,4,4
264,DATA_SPECTRO/23/11.png,4,4
265,DATA_SPECTRO/23/12.png,4,4
266,DATA_SPECTRO/23/13.png,4,4
267,DATA_SPECTRO/23/14.png,4,4
268,DATA_SPECTRO/23/15.png,4,4
269,DATA_SPECTRO/23/16.png,4,4
270,DATA_SPECTRO/23/17.png,4,4
271,DATA_SPECTRO/23/18.png,4,4
272,DATA_SPECTRO/23/19.png,4,4
273,DATA_SPECTRO/23/2.png,4,4
274,DATA_SPECTRO/23/20.png,4,4
275,DATA_SPECTRO/23/21.png,4,4
276,DATA_SPECTRO/23/22.png,4,4
277,DATA_SPECTRO/23/23.png,4,4
278,DATA_SPECTRO/23/24.png,4,4
279,DATA_SPECTRO/23/25.png,4,4
280,DATA_SPECTRO/23/26.png,4,4
281,DATA_SPECTRO/23/27.png,4,4
282,DATA_SPECTRO/23/28.png,4,4
283,DATA_SPECTRO/23/29.png,4,4
284,DATA_SPECTRO/23/3.png,4,4
285,DATA_SPECTRO/23/30.png,4,4
286,DATA_SPECTRO/23/31.png,4,4
287,DATA_SPECTRO/23/32.png,4,4
288,DATA_SPECTRO/23/33.png,4,4
289,DATA_SPECTRO/23/34.png,4,4
290,DATA_SPECTRO/23/35.png,4,4
291,DATA_SPECTRO/23/36.png,4,4
292,DATA_SPECTRO/23/37.png,4,4
293,DATA_SPECTRO/23/38.png,4,4
294,DATA_SPECTRO/23/39.png,4,4
295,DATA_SPECTRO/23/4.png,4,4
296,DATA_SPECTRO/23/40.png,4,4
297,DATA_SPECTRO/23/41.png,4,4
298,DATA_SPECTRO/23/42.png,4,4
299,DATA_SPECTRO/23/43.png,4,4
300,DATA_SPECTRO/23/44.png,4,4
301,DATA_SPECTRO/23/45.png,4,4
302,DATA_SPECTRO/23/46.png,4,4
303,DATA_SPECTRO/23/47.png,4,4
304,DATA_SPECTRO/23/48.png,4,4
305,DATA_SPECTRO/23/49.png,4,4
306,DATA_SPECTRO/23/5.png,4,4
307,DATA_SPECTRO/23/50.png,4,4
308,DATA_SPECTRO/23/51.png,4,4
309,DATA_SPECTRO/23/6.png,4,4
310,DATA_SPECTRO/23/7.png,4,4
311,DATA_SPECTRO/23/8.png,4,4
312,DATA_SPECTRO/23/9.png,4,4
313,DATA_SPECTRO/25/0.png,5,4
314,DATA_SPECTRO/25/1.png,5,4
315,DATA_SPECTRO/25/10.png,5,4
316,DATA_SPECTRO/25/11.png,5,4
317,DATA_SPECTRO/25/12.png,5,4
318,DATA_SPECTRO/25/13.png,5,4
319,DATA_SPECTRO/25/14.png,5,4
320,DATA_SPECTRO/25/15.png,5,4
321,DATA_SPECTRO/25/16.png,5,4
322,DATA_SPECTRO/25/17.png,5,4
323,DATA_SPECTRO/25/18.png,5,4
324,DATA_SPECTRO/25/19.png,5,4
325,DATA_SPECTRO/25/2.png,5,4
326,DATA_SPECTRO/25/20.png,5,4
327,DATA_SPECTRO/25/21.png,5,4
328,DATA_SPECTRO/25/22.png,5,4
329,DATA_SPECTRO/25/23.png,5,4
330,DATA_SPECTRO/25/24.png,5,4
331,DATA_SPECTRO/25/25.png,5,4
332,DATA_SPECTRO/25/26.png,5,4
333,DATA_SPECTRO/25/27.png,5,4
334,DATA_SPECTRO/25/28.png,5,4
335,DATA_SPECTRO/25/29.png,5,4
336,DATA_SPECTRO/25/3.png,5,4
337,DATA_SPECTRO/25/30.png,5,4
338,DATA_SPECTRO/25/31.png,5,4
339,DATA_SPECTRO/25/32.png,5,4
340,DATA_SPECTRO/25/33.png,5,4
341,DATA_SPECTRO/25/34.png,5,4
342,DATA_SPECTRO/25/35.png,5,4
343,DATA_SPECTRO/25/36.png,5,4
344,DATA_SPECTRO/25/37.png,5,4
345,DATA_SPECTRO/25/38.png,5,4
346,DATA_SPECTRO/25/39.png,5,4
347,DATA_SPECTRO/25/4.png,5,4
348,DATA_SPECTRO/25/40.png,5,4
349,DATA_SPECTRO/25/41.png,5,4
350,DATA_SPECTRO/25/42.png,5,4
351,DATA_SPECTRO/25/43.png,5,4
352,DATA_SPECTRO/25/44.png,5,4
353,DATA_SPECTRO/25/45.png,5,4
354,DATA_SPECTRO/25/46.png,5,4
355,DATA_SPECTRO/25/47.png,5,4
356,DATA_SPECTRO/25/48.png,5,4
357,DATA_SPECTRO/25/49.png,5,4
358,DATA_SPECTRO/25/5.png,5,4
359,DATA_SPECTRO/25/50.png,5,4
360,DATA_SPECTRO/25/51.png,5,4
361,DATA_SPECTRO/25/52.png,5,4
362,DATA_SPECTRO/25/53.png,5,4
363,DATA_SPECTRO/25/54.png,5,4
364,DATA_SPECTRO/25/55.png,5,4
365,DATA_SPECTRO/25/56.png,5,4
366,DATA_SPECTRO/25/57.png,5,4
367,DATA_SPECTRO/25/58.png,5,4
368,DATA_SPECTRO/25/59.png,5,4
369,DATA_SPECTRO/25/6.png,5,4
370,DATA_SPECTRO/25/60.png,5,4
371,DATA_SPECTRO/25/61.png,5,4
372,DATA_SPECTRO/25/62.png,5,4
373,DATA_SPECTRO/25/7.png,5,4
374,DATA_SPECTRO/25/8.png,5,4
375,DATA_SPECTRO/25/9.png,5,4
376,DATA_SPECTRO/26/0.png,3,8
377,DATA_SPECTRO/26/1.png,3,8
378,DATA_SPECTRO/26/10.png,3,8
379,DATA_SPECTRO/26/11.png,3,8
380,DATA_SPECTRO/26/12.png,3,8
381,DATA_SPECTRO/26/13.png,3,8
382,DATA_SPECTRO/26/14.png,3,8
383,DATA_SPECTRO/26/15.png,3,8
384,DATA_SPECTRO/26/16.png,3,8
385,DATA_SPECTRO/26/17.png,3,8
386,DATA_SPECTRO/26/18.png,3,8
387,DATA_SPECTRO/26/19.png,3,8
388,DATA_SPECTRO/26/2.png,3,8
389,DATA_SPECTRO/26/20.png,3,8
390,DATA_SPECTRO/26/21.png,3,8
391,DATA_SPECTRO/26/22.png,3,8
392,DATA_SPECTRO/26/23.png,3,8
393,DATA_SPECTRO/26/24.png,3,8
394,DATA_SPECTRO/26/25.png,3,8
395,DATA_SPECTRO/26/26.png,3,8
396,DATA_SPECTRO/26/27.png,3,8
397,DATA_SPECTRO/26/28.png,3,8
398,DATA_SPECTRO/26/29.png,3,8
399,DATA_SPECTRO/26/3.png,3,8
400,DATA_SPECTRO/26/30.png,3,8
401,DATA_SPECTRO/26/31.png,3,8
402,DATA_SPECTRO/26/32.png,3,8
403,DATA_SPECTRO/26/33.png,3,8
404,DATA_SPECTRO/26/34.png,3,8
405,DATA_SPECTRO/26/35.png,3,8
406,DATA_SPECTRO/26/36.png,3,8
407,DATA_SPECTRO/26/37.png,3,8
408,DATA_SPECTRO/26/38.png,3,8
409,DATA_SPECTRO/26/39.png,3,8
410,DATA_SPECTRO/26/4.png,3,8
411,DATA_SPECTRO/26/40.png,3,8
412,DATA_SPECTRO/26/41.png,3,8
413,DATA_SPECTRO/26/42.png,3,8
414,DATA_SPECTRO/26/43.png,3,8
415,DATA_SPECTRO/26/44.png,3,8
416,DATA_SPECTRO/26/45.png,3,8
417,DATA_SPECTRO/26/46.png,3,8
418,DATA_SPECTRO/26/47.png,3,8
419,DATA_SPECTRO/26/48.png,3,8
420,DATA_SPECTRO/26/49.png,3,8
421,DATA_SPECTRO/26/5.png,3,8
422,DATA_SPECTRO/26/50.png,3,8
423,DATA_SPECTRO/26/51.png,3,8
424,DATA_SPECTRO/26/52.png,3,8
425,DATA_SPECTRO/26/53.png,3,8
426,DATA_SPECTRO/26/6.png,3,8
427,DATA_SPECTRO/26/7.png,3,8
428,DATA_SPECTRO/26/8.png,3,8
429,DATA_SPECTRO/26/9.png,3,8
430,DATA_SPECTRO/28/0.png,4,5
431,DATA_SPECTRO/28/1.png,4,5
432,DATA_SPECTRO/28/10.png,4,5
433,DATA_SPECTRO/28/11.png,4,5
434,DATA_SPECTRO/28/12.png,4,5
435,DATA_SPECTRO/28/13.png,4,5
436,DATA_SPECTRO/28/14.png,4,5
437,DATA_SPECTRO/28/15.png,4,5
438,DATA_SPECTRO/28/16.png,4,5
439,DATA_SPECTRO/28/17.png,4,5
440,DATA_SPECTRO/28/18.png,4,5
441,DATA_SPECTRO/28/19.png,4,5
442,DATA_SPECTRO/28/2.png,4,5
443,DATA_SPECTRO/28/20.png,4,5
444,DATA_SPECTRO/28/21.png,4,5
445,DATA_SPECTRO/28/22.png,4,5
446,DATA_SPECTRO/28/23.png,4,5
447,DATA_SPECTRO/28/24.png,4,5
448,DATA_SPECTRO/28/25.png,4,5
449,DATA_SPECTRO/28/26.png,4,5
450,DATA_SPECTRO/28/27.png,4,5
451,DATA_SPECTRO/28/28.png,4,5
452,DATA_SPECTRO/28/29.png,4,5
453,DATA_SPECTRO/28/3.png,4,5
454,DATA_SPECTRO/28/30.png,4,5
455,DATA_SPECTRO/28/31.png,4,5
456,DATA_SPECTRO/28/32.png,4,5
457,DATA_SPECTRO/28/33.png,4,5
458,DATA_SPECTRO/28/34.png,4,5
459,DATA_SPECTRO/28/35.png,4,5
460,DATA_SPECTRO/28/36.png,4,5
461,DATA_SPECTRO/28/37.png,4,5
462,DATA_SPECTRO/28/38.png,4,5
463,DATA_SPECTRO/28/39.png,4,5
464,DATA_SPECTRO/28/4.png,4,5
465,DATA_SPECTRO/28/40.png,4,5
466,DATA_SPECTRO/28/41.png,4,5
467,DATA_SPECTRO/28/42.png,4,5
468,DATA_SPECTRO/28/43.png,4,5
469,DATA_SPECTRO/28/44.png,4,5
470,DATA_SPECTRO/28/45.png,4,5
471,DATA_SPECTRO/28/46.png,4,5
472,DATA_SPECTRO/28/47.png,4,5
473,DATA_SPECTRO/28/48.png,4,5
474,DATA_SPECTRO/28/49.png,4,5
475,DATA_SPECTRO/28/5.png,4,5
476,DATA_SPECTRO/28/50.png,4,5
477,DATA_SPECTRO/28/51.png,4,5
478,DATA_SPECTRO/28/52.png,4,5
479,DATA_SPECTRO/28/53.png,4,5
480,DATA_SPECTRO/28/54.png,4,5
481,DATA_SPECTRO/28/55.png,4,5
482,DATA_SPECTRO/28/56.png,4,5
483,DATA_SPECTRO/28/57.png,4,5
484,DATA_SPECTRO/28/58.png,4,5
485,DATA_SPECTRO/28/59.png,4,5
486,DATA_SPECTRO/28/6.png,4,5
487,DATA_SPECTRO/28/60.png,4,5
488,DATA_SPECTRO/28/61.png,4,5
489,DATA_SPECTRO/28/62.png,4,5
490,DATA_SPECTRO/28/63.png,4,5
491,DATA_SPECTRO/28/64.png,4,5
492,DATA_SPECTRO/28/65.png,4,5
493,DATA_SPECTRO/28/7.png,4,5
494,DATA_SPECTRO/28/8.png,4,5
495,DATA_SPECTRO/28/9.png,4,5
496,DATA_SPECTRO/30/0.png,3,5
497,DATA_SPECTRO/30/1.png,3,5
498,DATA_SPECTRO/30/10.png,3,5
499,DATA_SPECTRO/30/11.png,3,5
500,DATA_SPECTRO/30/12.png,3,5
501,DATA_SPECTRO/30/13.png,3,5
502,DATA_SPECTRO/30/14.png,3,5
503,DATA_SPECTRO/30/15.png,3,5
504,DATA_SPECTRO/30/16.png,3,5
505,DATA_SPECTRO/30/17.png,3,5
506,DATA_SPECTRO/30/18.png,3,5
507,DATA_SPECTRO/30/19.png,3,5
508,DATA_SPECTRO/30/2.png,3,5
509,DATA_SPECTRO/30/20.png,3,5
510,DATA_SPECTRO/30/21.png,3,5
511,DATA_SPECTRO/30/22.png,3,5
512,DATA_SPECTRO/30/23.png,3,5
513,DATA_SPECTRO/30/24.png,3,5
514,DATA_SPECTRO/30/25.png,3,5
515,DATA_SPECTRO/30/26.png,3,5
516,DATA_SPECTRO/30/27.png,3,5
517,DATA_SPECTRO/30/28.png,3,5
518,DATA_SPECTRO/30/29.png,3,5
519,DATA_SPECTRO/30/3.png,3,5
520,DATA_SPECTRO/30/30.png,3,5
521,DATA_SPECTRO/30/31.png,3,5
522,DATA_SPECTRO/30/32.png,3,5
523,DATA_SPECTRO/30/33.png,3,5
524,DATA_SPECTRO/30/34.png,3,5
525,DATA_SPECTRO/30/35.png,3,5
526,DATA_SPECTRO/30/36.png,3,5
527,DATA_SPECTRO/30/37.png,3,5
528,DATA_SPECTRO/30/38.png,3,5
529,DATA_SPECTRO/30/39.png,3,5
530,DATA_SPECTRO/30/4.png,3,5
531,DATA_SPECTRO/30/40.png,3,5
532,DATA_SPECTRO/30/41.png,3,5
533,DATA_SPECTRO/30/42.png,3,5
534,DATA_SPECTRO/30/43.png,3,5
535,DATA_SPECTRO/30/44.png,3,5
536,DATA_SPECTRO/30/45.png,3,5
537,DATA_SPECTRO/30/5.png,3,5
538,DATA_SPECTRO/30/6.png,3,5
539,DATA_SPECTRO/30/7.png,3,5
540,DATA_SPECTRO/30/8.png,3,5
541,DATA_SPECTRO/30/9.png,3,5
542,DATA_SPECTRO/34/0.png,7,8
543,DATA_SPECTRO/34/1.png,7,8
544,DATA_SPECTRO/34/10.png,7,8
545,DATA_SPECTRO/34/11.png,7,8
546,DATA_SPECTRO/34/12.png,7,8
547,DATA_SPECTRO/34/13.png,7,8
548,DATA_SPECTRO/34/14.png,7,8
549,DATA_SPECTRO/34/15.png,7,8
550,DATA_SPECTRO/34/16.png,7,8
551,DATA_SPECTRO/34/17.png,7,8
552,DATA_SPECTRO/34/18.png,7,8
553,DATA_SPECTRO/34/19.png,7,8
554,DATA_SPECTRO/34/2.png,7,8
555,DATA_SPECTRO/34/20.png,7,8
556,DATA_SPECTRO/34/21.png,7,8
557,DATA_SPECTRO/34/22.png,7,8
558,DATA_SPECTRO/34/23.png,7,8
559,DATA_SPECTRO/34/24.png,7,8
560,DATA_SPECTRO/34/25.png,7,8
561,DATA_SPECTRO/34/26.png,7,8
562,DATA_SPECTRO/34/27.png,7,8
563,DATA_SPECTRO/34/28.png,7,8
564,DATA_SPECTRO/34/29.png,7,8
565,DATA_SPECTRO/34/3.png,7,8
566,DATA_SPECTRO/34/30.png,7,8
567,DATA_SPECTRO/34/31.png,7,8
568,DATA_SPECTRO/34/32.png,7,8
569,DATA_SPECTRO/34/33.png,7,8
570,DATA_SPECTRO/34/34.png,7,8
571,DATA_SPECTRO/34/35.png,7,8
572,DATA_SPECTRO/34/36.png,7,8
573,DATA_SPECTRO/34/37.png,7,8
574,DATA_SPECTRO/34/4.png,7,8
575,DATA_SPECTRO/34/5.png,7,8
576,DATA_SPECTRO/34/6.png,7,8
577,DATA_SPECTRO/34/7.png,7,8
578,DATA_SPECTRO/34/8.png,7,8
579,DATA_SPECTRO/34/9.png,7,8
580,DATA_SPECTRO/37/0.png,3,8
581,DATA_SPECTRO/37/1.png,3,8
582,DATA_SPECTRO/37/10.png,3,8
583,DATA_SPECTRO/37/11.png,3,8
584,DATA_SPECTRO/37/12.png,3,8
585,DATA_SPECTRO/37/13.png,3,8
586,DATA_SPECTRO/37/14.png,3,8
587,DATA_SPECTRO/37/15.png,3,8
588,DATA_SPECTRO/37/16.png,3,8
589,DATA_SPECTRO/37/17.png,3,8
590,DATA_SPECTRO/37/18.png,3,8
591,DATA_SPECTRO/37/19.png,3,8
592,DATA_SPECTRO/37/2.png,3,8
593,DATA_SPECTRO/37/20.png,3,8
594,DATA_SPECTRO/37/21.png,3,8
595,DATA_SPECTRO/37/22.png,3,8
596,DATA_SPECTRO/37/23.png,3,8
597,DATA_SPECTRO/37/24.png,3,8
598,DATA_SPECTRO/37/25.png,3,8
599,DATA_SPECTRO/37/26.png,3,8
600,DATA_SPECTRO/37/27.png,3,8
601,DATA_SPECTRO/37/28.png,3,8
602,DATA_SPECTRO/37/29.png,3,8
603,DATA_SPECTRO/37/3.png,3,8
604,DATA_SPECTRO/37/30.png,3,8
605,DATA_SPECTRO/37/31.png,3,8
606,DATA_SPECTRO/37/32.png,3,8
607,DATA_SPECTRO/37/33.png,3,8
608,DATA_SPECTRO/37/34.png,3,8
609,DATA_SPECTRO/37/35.png,3,8
610,DATA_SPECTRO/37/36.png,3,8
611,DATA_SPECTRO/37/37.png,3,8
612,DATA_SPECTRO/37/38.png,3,8
613,DATA_SPECTRO/37/39.png,3,8
614,DATA_SPECTRO/37/4.png,3,8
615,DATA_SPECTRO/37/40.png,3,8
616,DATA_SPECTRO/37/41.png,3,8
617,DATA_SPECTRO/37/42.png,3,8
618,DATA_SPECTRO/37/43.png,3,8
619,DATA_SPECTRO/37/44.png,3,8
620,DATA_SPECTRO/37/45.png,3,8
621,DATA_SPECTRO/37/46.png,3,8
622,DATA_SPECTRO/37/5.png,3,8
623,DATA_SPECTRO/37/6.png,3,8
624,DATA_SPECTRO/37/7.png,3,8
625,DATA_SPECTRO/37/8.png,3,8
626,DATA_SPECTRO/37/9.png,3,8
627,DATA_SPECTRO/39/0.png,7,6
628,DATA_SPECTRO/39/1.png,7,6
629,DATA_SPECTRO/39/10.png,7,6
630,DATA_SPECTRO/39/11.png,7,6
631,DATA_SPECTRO/39/12.png,7,6
632,DATA_SPECTRO/39/13.png,7,6
633,DATA_SPECTRO/39/14.png,7,6
634,DATA_SPECTRO/39/15.png,7,6
635,DATA_SPECTRO/39/16.png,7,6
636,DATA_SPECTRO/39/17.png,7,6
637,DATA_SPECTRO/39/18.png,7,6
638,DATA_SPECTRO/39/19.png,7,6
639,DATA_SPECTRO/39/2.png,7,6
640,DATA_SPECTRO/39/20.png,7,6
641,DATA_SPECTRO/39/21.png,7,6
642,DATA_SPECTRO/39/22.png,7,6
643,DATA_SPECTRO/39/23.png,7,6
644,DATA_SPECTRO/39/24.png,7,6
645,DATA_SPECTRO/39/25.png,7,6
646,DATA_SPECTRO/39/26.png,7,6
647,DATA_SPECTRO/39/27.png,7,6
648,DATA_SPECTRO/39/28.png,7,6
649,DATA_SPECTRO/39/29.png,7,6
650,DATA_SPECTRO/39/3.png,7,6
651,DATA_SPECTRO/39/30.png,7,6
652,DATA_SPECTRO/39/31.png,7,6
653,DATA_SPECTRO/39/32.png,7,6
654,DATA_SPECTRO/39/33.png,7,6
655,DATA_SPECTRO/39/34.png,7,6
656,DATA_SPECTRO/39/35.png,7,6
657,DATA_SPECTRO/39/36.png,7,6
658,DATA_SPECTRO/39/37.png,7,6
659,DATA_SPECTRO/39/38.png,7,6
660,DATA_SPECTRO/39/39.png,7,6
661,DATA_SPECTRO/39/4.png,7,6
662,DATA_SPECTRO/39/40.png,7,6
663,DATA_SPECTRO/39/41.png,7,6
664,DATA_SPECTRO/39/42.png,7,6
665,DATA_SPECTRO/39/43.png,7,6
666,DATA_SPECTRO/39/44.png,7,6
667,DATA_SPECTRO/39/45.png,7,6
668,DATA_SPECTRO/39/46.png,7,6
669,DATA_SPECTRO/39/47.png,7,6
670,DATA_SPECTRO/39/48.png,7,6
671,DATA_SPECTRO/39/49.png,7,6
672,DATA_SPECTRO/39/5.png,7,6
673,DATA_SPECTRO/39/50.png,7,6
674,DATA_SPECTRO/39/51.png,7,6
675,DATA_SPECTRO/39/52.png,7,6
676,DATA_SPECTRO/39/53.png,7,6
677,DATA_SPECTRO/39/54.png,7,6
678,DATA_SPECTRO/39/55.png,7,6
679,DATA_SPECTRO/39/6.png,7,6
680,DATA_SPECTRO/39/7.png,7,6
681,DATA_SPECTRO/39/8.png,7,6
682,DATA_SPECTRO/39/9.png,7,6
683,DATA_SPECTRO/41/0.png,7,1
684,DATA_SPECTRO/41/1.png,7,1
685,DATA_SPECTRO/41/10.png,7,1
686,DATA_SPECTRO/41/11.png,7,1
687,DATA_SPECTRO/41/12.png,7,1
688,DATA_SPECTRO/41/13.png,7,1
689,DATA_SPECTRO/41/14.png,7,1
690,DATA_SPECTRO/41/15.png,7,1
691,DATA_SPECTRO/41/16.png,7,1
692,DATA_SPECTRO/41/17.png,7,1
693,DATA_SPECTRO/41/18.png,7,1
694,DATA_SPECTRO/41/19.png,7,1
695,DATA_SPECTRO/41/2.png,7,1
696,DATA_SPECTRO/41/20.png,7,1
697,DATA_SPECTRO/41/21.png,7,1
698,DATA_SPECTRO/41/22.png,7,1
699,DATA_SPECTRO/41/23.png,7,1
700,DATA_SPECTRO/41/24.png,7,1
701,DATA_SPECTRO/41/25.png,7,1
702,DATA_SPECTRO/41/26.png,7,1
703,DATA_SPECTRO/41/27.png,7,1
704,DATA_SPECTRO/41/28.png,7,1
705,DATA_SPECTRO/41/29.png,7,1
706,DATA_SPECTRO/41/3.png,7,1
707,DATA_SPECTRO/41/30.png,7,1
708,DATA_SPECTRO/41/31.png,7,1
709,DATA_SPECTRO/41/32.png,7,1
710,DATA_SPECTRO/41/33.png,7,1
711,DATA_SPECTRO/41/34.png,7,1
712,DATA_SPECTRO/41/35.png,7,1
713,DATA_SPECTRO/41/36.png,7,1
714,DATA_SPECTRO/41/37.png,7,1
715,DATA_SPECTRO/41/38.png,7,1
716,DATA_SPECTRO/41/39.png,7,1
717,DATA_SPECTRO/41/4.png,7,1
718,DATA_SPECTRO/41/40.png,7,1
719,DATA_SPECTRO/41/41.png,7,1
720,DATA_SPECTRO/41/42.png,7,1
721,DATA_SPECTRO/41/43.png,7,1
722,DATA_SPECTRO/41/44.png,7,1
723,DATA_SPECTRO/41/45.png,7,1
724,DATA_SPECTRO/41/46.png,7,1
725,DATA_SPECTRO/41/47.png,7,1
726,DATA_SPECTRO/41/48.png,7,1
727,DATA_SPECTRO/41/49.png,7,1
728,DATA_SPECTRO/41/5.png,7,1
729,DATA_SPECTRO/41/50.png,7,1
730,DATA_SPECTRO/41/51.png,7,1
731,DATA_SPECTRO/41/52.png,7,1
732,DATA_SPECTRO/41/53.png,7,1
733,DATA_SPECTRO/41/54.png,7,1
734,DATA_SPECTRO/41/55.png,7,1
735,DATA_SPECTRO/41/56.png,7,1
736,DATA_SPECTRO/41/57.png,7,1
737,DATA_SPECTRO/41/58.png,7,1
738,DATA_SPECTRO/41/59.png,7,1
739,DATA_SPECTRO/41/6.png,7,1
740,DATA_SPECTRO/41/60.png,7,1
741,DATA_SPECTRO/41/61.png,7,1
742,DATA_SPECTRO/41/62.png,7,1
743,DATA_SPECTRO/41/63.png,7,1
744,DATA_SPECTRO/41/64.png,7,1
745,DATA_SPECTRO/41/65.png,7,1
746,DATA_SPECTRO/41/66.png,7,1
747,DATA_SPECTRO/41/67.png,7,1
748,DATA_SPECTRO/41/68.png,7,1
749,DATA_SPECTRO/41/69.png,7,1
750,DATA_SPECTRO/41/7.png,7,1
751,DATA_SPECTRO/41/8.png,7,1
752,DATA_SPECTRO/41/9.png,7,1
753,DATA_SPECTRO/42/0.png,4,6
754,DATA_SPECTRO/42/1.png,4,6
755,DATA_SPECTRO/42/10.png,4,6
756,DATA_SPECTRO/42/11.png,4,6
757,DATA_SPECTRO/42/12.png,4,6
758,DATA_SPECTRO/42/13.png,4,6
759,DATA_SPECTRO/42/14.png,4,6
760,DATA_SPECTRO/42/15.png,4,6
761,DATA_SPECTRO/42/16.png,4,6
762,DATA_SPECTRO/42/17.png,4,6
763,DATA_SPECTRO/42/18.png,4,6
764,DATA_SPECTRO/42/19.png,4,6
765,DATA_SPECTRO/42/2.png,4,6
766,DATA_SPECTRO/42/20.png,4,6
767,DATA_SPECTRO/42/21.png,4,6
768,DATA_SPECTRO/42/22.png,4,6
769,DATA_SPECTRO/42/23.png,4,6
770,DATA_SPECTRO/42/24.png,4,6
771,DATA_SPECTRO/42/25.png,4,6
772,DATA_SPECTRO/42/26.png,4,6
773,DATA_SPECTRO/42/27.png,4,6
774,DATA_SPECTRO/42/28.png,4,6
775,DATA_SPECTRO/42/29.png,4,6
776,DATA_SPECTRO/42/3.png,4,6
777,DATA_SPECTRO/42/30.png,4,6
778,DATA_SPECTRO/42/31.png,4,6
779,DATA_SPECTRO/42/32.png,4,6
780,DATA_SPECTRO/42/33.png,4,6
781,DATA_SPECTRO/42/34.png,4,6
782,DATA_SPECTRO/42/35.png,4,6
783,DATA_SPECTRO/42/36.png,4,6
784,DATA_SPECTRO/42/37.png,4,6
785,DATA_SPECTRO/42/38.png,4,6
786,DATA_SPECTRO/42/39.png,4,6
787,DATA_SPECTRO/42/4.png,4,6
788,DATA_SPECTRO/42/40.png,4,6
789,DATA_SPECTRO/42/41.png,4,6
790,DATA_SPECTRO/42/42.png,4,6
791,DATA_SPECTRO/42/43.png,4,6
792,DATA_SPECTRO/42/44.png,4,6
793,DATA_SPECTRO/42/5.png,4,6
794,DATA_SPECTRO/42/6.png,4,6
795,DATA_SPECTRO/42/7.png,4,6
796,DATA_SPECTRO/42/8.png,4,6
797,DATA_SPECTRO/42/9.png,4,6
798,DATA_SPECTRO/43/0.png,2,9
799,DATA_SPECTRO/43/1.png,2,9
800,DATA_SPECTRO/43/10.png,2,9
801,DATA_SPECTRO/43/11.png,2,9
802,DATA_SPECTRO/43/12.png,2,9
803,DATA_SPECTRO/43/13.png,2,9
804,DATA_SPECTRO/43/14.png,2,9
805,DATA_SPECTRO/43/15.png,2,9
806,DATA_SPECTRO/43/16.png,2,9
807,DATA_SPECTRO/43/17.png,2,9
808,DATA_SPECTRO/43/18.png,2,9
809,DATA_SPECTRO/43/19.png,2,9
810,DATA_SPECTRO/43/2.png,2,9
811,DATA_SPECTRO/43/20.png,2,9
812,DATA_SPECTRO/43/21.png,2,9
813,DATA_SPECTRO/43/22.png,2,9
814,DATA_SPECTRO/43/23.png,2,9
815,DATA_SPECTRO/43/24.png,2,9
816,DATA_SPECTRO/43/25.png,2,9
817,DATA_SPECTRO/43/26.png,2,9
818,DATA_SPECTRO/43/27.png,2,9
819,DATA_SPECTRO/43/28.png,2,9
820,DATA_SPECTRO/43/29.png,2,9
821,DATA_SPECTRO/43/3.png,2,9
822,DATA_SPECTRO/43/30.png,2,9
823,DATA_SPECTRO/43/31.png,2,9
824,DATA_SPECTRO/43/32.png,2,9
825,DATA_SPECTRO/43/33.png,2,9
826,DATA_SPECTRO/43/34.png,2,9
827,DATA_SPECTRO/43/35.png,2,9
828,DATA_SPECTRO/43/36.png,2,9
829,DATA_SPECTRO/43/37.png,2,9
830,DATA_SPECTRO/43/38.png,2,9
831,DATA_SPECTRO/43/39.png,2,9
832,DATA_SPECTRO/43/4.png,2,9
833,DATA_SPECTRO/43/40.png,2,9
834,DATA_SPECTRO/43/41.png,2,9
835,DATA_SPECTRO/43/42.png,2,9
836,DATA_SPECTRO/43/43.png,2,9
837,DATA_SPECTRO/43/44.png,2,9
838,DATA_SPECTRO/43/45.png,2,9
839,DATA_SPECTRO/43/46.png,2,9
840,DATA_SPECTRO/43/47.png,2,9
841,DATA_SPECTRO/43/48.png,2,9
842,DATA_SPECTRO/43/49.png,2,9
843,DATA_SPECTRO/43/5.png,2,9
844,DATA_SPECTRO/43/50.png,2,9
845,DATA_SPECTRO/43/51.png,2,9
846,DATA_SPECTRO/43/52.png,2,9
847,DATA_SPECTRO/43/53.png,2,9
848,DATA_SPECTRO/43/54.png,2,9
849,DATA_SPECTRO/43/55.png,2,9
850,DATA_SPECTRO/43/56.png,2,9
851,DATA_SPECTRO/43/57.png,2,9
852,DATA_SPECTRO/43/58.png,2,9
853,DATA_SPECTRO/43/59.png,2,9
854,DATA_SPECTRO/43/6.png,2,9
855,DATA_SPECTRO/43/60.png,2,9
856,DATA_SPECTRO/43/61.png,2,9
857,DATA_SPECTRO/43/62.png,2,9
858,DATA_SPECTRO/43/63.png,2,9
859,DATA_SPECTRO/43/64.png,2,9
860,DATA_SPECTRO/43/7.png,2,9
861,DATA_SPECTRO/43/8.png,2,9
862,DATA_SPECTRO/43/9.png,2,9
863,DATA_SPECTRO/45/0.png,5,8
864,DATA_SPECTRO/45/1.png,5,8
865,DATA_SPECTRO/45/10.png,5,8
866,DATA_SPECTRO/45/11.png,5,8
867,DATA_SPECTRO/45/12.png,5,8
868,DATA_SPECTRO/45/13.png,5,8
869,DATA_SPECTRO/45/14.png,5,8
870,DATA_SPECTRO/45/15.png,5,8
871,DATA_SPECTRO/45/16.png,5,8
872,DATA_SPECTRO/45/17.png,5,8
873,DATA_SPECTRO/45/18.png,5,8
874,DATA_SPECTRO/45/19.png,5,8
875,DATA_SPECTRO/45/2.png,5,8
876,DATA_SPECTRO/45/20.png,5,8
877,DATA_SPECTRO/45/21.png,5,8
878,DATA_SPECTRO/45/22.png,5,8
879,DATA_SPECTRO/45/23.png,5,8
880,DATA_SPECTRO/45/24.png,5,8
881,DATA_SPECTRO/45/25.png,5,8
882,DATA_SPECTRO/45/26.png,5,8
883,DATA_SPECTRO/45/27.png,5,8
884,DATA_SPECTRO/45/28.png,5,8
885,DATA_SPECTRO/45/29.png,5,8
886,DATA_SPECTRO/45/3.png,5,8
887,DATA_SPECTRO/45/30.png,5,8
888,DATA_SPECTRO/45/31.png,5,8
889,DATA_SPECTRO/45/32.png,5,8
890,DATA_SPECTRO/45/33.png,5,8
891,DATA_SPECTRO/45/34.png,5,8
892,DATA_SPECTRO/45/35.png,5,8
893,DATA_SPECTRO/45/36.png,5,8
894,DATA_SPECTRO/45/37.png,5,8
895,DATA_SPECTRO/45/38.png,5,8
896,DATA_SPECTRO/45/39.png,5,8
897,DATA_SPECTRO/45/4.png,5,8
898,DATA_SPECTRO/45/40.png,5,8
899,DATA_SPECTRO/45/41.png,5,8
900,DATA_SPECTRO/45/42.png,5,8
901,DATA_SPECTRO/45/43.png,5,8
902,DATA_SPECTRO/45/44.png,5,8
903,DATA_SPECTRO/45/5.png,5,8
904,DATA_SPECTRO/45/6.png,5,8
905,DATA_SPECTRO/45/7.png,5,8
906,DATA_SPECTRO/45/8.png,5,8
907,DATA_SPECTRO/45/9.png,5,8
908,DATA_SPECTRO/46/0.png,8,3
909,DATA_SPECTRO/46/1.png,8,3
910,DATA_SPECTRO/46/10.png,8,3
911,DATA_SPECTRO/46/11.png,8,3
912,DATA_SPECTRO/46/12.png,8,3
913,DATA_SPECTRO/46/13.png,8,3
914,DATA_SPECTRO/46/14.png,8,3
915,DATA_SPECTRO/46/15.png,8,3
916,DATA_SPECTRO/46/16.png,8,3
917,DATA_SPECTRO/46/17.png,8,3
918,DATA_SPECTRO/46/18.png,8,3
919,DATA_SPECTRO/46/19.png,8,3
920,DATA_SPECTRO/46/2.png,8,3
921,DATA_SPECTRO/46/20.png,8,3
922,DATA_SPECTRO/46/21.png,8,3
923,DATA_SPECTRO/46/22.png,8,3
924,DATA_SPECTRO/46/23.png,8,3
925,DATA_SPECTRO/46/24.png,8,3
926,DATA_SPECTRO/46/25.png,8,3
927,DATA_SPECTRO/46/26.png,8,3
928,DATA_SPECTRO/46/27.png,8,3
929,DATA_SPECTRO/46/28.png,8,3
930,DATA_SPECTRO/46/29.png,8,3
931,DATA_SPECTRO/46/3.png,8,3
932,DATA_SPECTRO/46/30.png,8,3
933,DATA_SPECTRO/46/31.png,8,3
934,DATA_SPECTRO/46/32.png,8,3
935,DATA_SPECTRO/46/33.png,8,3
936,DATA_SPECTRO/46/34.png,8,3
937,DATA_SPECTRO/46/35.png,8,3
938,DATA_SPECTRO/46/36.png,8,3
939,DATA_SPECTRO/46/37.png,8,3
940,DATA_SPECTRO/46/38.png,8,3
941,DATA_SPECTRO/46/39.png,8,3
942,DATA_SPECTRO/46/4.png,8,3
943,DATA_SPECTRO/46/40.png,8,3
944,DATA_SPECTRO/46/41.png,8,3
945,DATA_SPECTRO/46/42.png,8,3
946,DATA_SPECTRO/46/43.png,8,3
947,DATA_SPECTRO/46/44.png,8,3
948,DATA_SPECTRO/46/45.png,8,3
949,DATA_SPECTRO/46/46.png,8,3
950,DATA_SPECTRO/46/47.png,8,3
951,DATA_SPECTRO/46/48.png,8,3
952,DATA_SPECTRO/46/49.png,8,3
953,DATA_SPECTRO/46/5.png,8,3
954,DATA_SPECTRO/46/50.png,8,3
955,DATA_SPECTRO/46/51.png,8,3
956,DATA_SPECTRO/46/52.png,8,3
957,DATA_SPECTRO/46/53.png,8,3
958,DATA_SPECTRO/46/54.png,8,3
959,DATA_SPECTRO/46/55.png,8,3
960,DATA_SPECTRO/46/56.png,8,3
961,DATA_SPECTRO/46/57.png,8,3
962,DATA_SPECTRO/46/58.png,8,3
963,DATA_SPECTRO/46/59.png,8,3
964,DATA_SPECTRO/46/6.png,8,3
965,DATA_SPECTRO/46/60.png,8,3
966,DATA_SPECTRO/46/61.png,8,3
967,DATA_SPECTRO/46/7.png,8,3
968,DATA_SPECTRO/46/8.png,8,3
969,DATA_SPECTRO/46/9.png,8,3
970,DATA_SPECTRO/48/0.png,5,5
971,DATA_SPECTRO/48/1.png,5,5
972,DATA_SPECTRO/48/10.png,5,5
973,DATA_SPECTRO/48/11.png,5,5
974,DATA_SPECTRO/48/12.png,5,5
975,DATA_SPECTRO/48/13.png,5,5
976,DATA_SPECTRO/48/14.png,5,5
977,DATA_SPECTRO/48/15.png,5,5
978,DATA_SPECTRO/48/16.png,5,5
979,DATA_SPECTRO/48/17.png,5,5
980,DATA_SPECTRO/48/18.png,5,5
981,DATA_SPECTRO/48/19.png,5,5
982,DATA_SPECTRO/48/2.png,5,5
983,DATA_SPECTRO/48/20.png,5,5
984,DATA_SPECTRO/48/21.png,5,5
985,DATA_SPECTRO/48/22.png,5,5
986,DATA_SPECTRO/48/23.png,5,5
987,DATA_SPECTRO/48/24.png,5,5
988,DATA_SPECTRO/48/25.png,5,5
989,DATA_SPECTRO/48/26.png,5,5
990,DATA_SPECTRO/48/27.png,5,5
991,DATA_SPECTRO/48/28.png,5,5
992,DATA_SPECTRO/48/29.png,5,5
993,DATA_SPECTRO/48/3.png,5,5
994,DATA_SPECTRO/48/30.png,5,5
995,DATA_SPECTRO/48/31.png,5,5
996,DATA_SPECTRO/48/32.png,5,5
997,DATA_SPECTRO/48/33.png,5,5
998,DATA_SPECTRO/48/34.png,5,5
999,DATA_SPECTRO/48/35.png,5,5
1000,DATA_SPECTRO/48/36.png,5,5
1001,DATA_SPECTRO/48/37.png,5,5
1002,DATA_SPECTRO/48/38.png,5,5
1003,DATA_SPECTRO/48/39.png,5,5
1004,DATA_SPECTRO/48/4.png,5,5
1005,DATA_SPECTRO/48/40.png,5,5
1006,DATA_SPECTRO/48/41.png,5,5
1007,DATA_SPECTRO/48/42.png,5,5
1008,DATA_SPECTRO/48/43.png,5,5
1009,DATA_SPECTRO/48/44.png,5,5
1010,DATA_SPECTRO/48/45.png,5,5
1011,DATA_SPECTRO/48/46.png,5,5
1012,DATA_SPECTRO/48/47.png,5,5
1013,DATA_SPECTRO/48/48.png,5,5
1014,DATA_SPECTRO/48/49.png,5,5
1015,DATA_SPECTRO/48/5.png,5,5
1016,DATA_SPECTRO/48/50.png,5,5
1017,DATA_SPECTRO/48/51.png,5,5
1018,DATA_SPECTRO/48/52.png,5,5
1019,DATA_SPECTRO/48/6.png,5,5
1020,DATA_SPECTRO/48/7.png,5,5
1021,DATA_SPECTRO/48/8.png,5,5
1022,DATA_SPECTRO/48/9.png,5,5
1023,DATA_SPECTRO/56/0.png,5,7
1024,DATA_SPECTRO/56/1.png,5,7
1025,DATA_SPECTRO/56/10.png,5,7
1026,DATA_SPECTRO/56/11.png,5,7
1027,DATA_SPECTRO/56/12.png,5,7
1028,DATA_SPECTRO/56/13.png,5,7
1029,DATA_SPECTRO/56/14.png,5,7
1030,DATA_SPECTRO/56/15.png,5,7
1031,DATA_SPECTRO/56/16.png,5,7
1032,DATA_SPECTRO/56/17.png,5,7
1033,DATA_SPECTRO/56/18.png,5,7
1034,DATA_SPECTRO/56/19.png,5,7
1035,DATA_SPECTRO/56/2.png,5,7
1036,DATA_SPECTRO/56/20.png,5,7
1037,DATA_SPECTRO/56/21.png,5,7
1038,DATA_SPECTRO/56/22.png,5,7
1039,DATA_SPECTRO/56/23.png,5,7
1040,DATA_SPECTRO/56/24.png,5,7
1041,DATA_SPECTRO/56/25.png,5,7
1042,DATA_SPECTRO/56/26.png,5,7
1043,DATA_SPECTRO/56/27.png,5,7
1044,DATA_SPECTRO/56/28.png,5,7
1045,DATA_SPECTRO/56/29.png,5,7
1046,DATA_SPECTRO/56/3.png,5,7
1047,DATA_SPECTRO/56/30.png,5,7
1048,DATA_SPECTRO/56/31.png,5,7
1049,DATA_SPECTRO/56/32.png,5,7
1050,DATA_SPECTRO/56/33.png,5,7
1051,DATA_SPECTRO/56/34.png,5,7
1052,DATA_SPECTRO/56/35.png,5,7
1053,DATA_SPECTRO/56/36.png,5,7
1054,DATA_SPECTRO/56/37.png,5,7
1055,DATA_SPECTRO/56/38.png,5,7
1056,DATA_SPECTRO/56/39.png,5,7
1057,DATA_SPECTRO/56/4.png,5,7
1058,DATA_SPECTRO/56/40.png,5,7
1059,DATA_SPECTRO/56/41.png,5,7
1060,DATA_SPECTRO/56/42.png,5,7
1061,DATA_SPECTRO/56/43.png,5,7
1062,DATA_SPECTRO/56/44.png,5,7
1063,DATA_SPECTRO/56/45.png,5,7
1064,DATA_SPECTRO/56/46.png,5,7
1065,DATA_SPECTRO/56/47.png,5,7
1066,DATA_SPECTRO/56/48.png,5,7
1067,DATA_SPECTRO/56/49.png,5,7
1068,DATA_SPECTRO/56/5.png,5,7
1069,DATA_SPECTRO/56/50.png,5,7
1070,DATA_SPECTRO/56/51.png,5,7
1071,DATA_SPECTRO/56/52.png,5,7
1072,DATA_SPECTRO/56/53.png,5,7
1073,DATA_SPECTRO/56/54.png,5,7
1074,DATA_SPECTRO/56/55.png,5,7
1075,DATA_SPECTRO/56/56.png,5,7
1076,DATA_SPECTRO/56/57.png,5,7
1077,DATA_SPECTRO/56/58.png,5,7
1078,DATA_SPECTRO/56/59.png,5,7
1079,DATA_SPECTRO/56/6.png,5,7
1080,DATA_SPECTRO/56/60.png,5,7
1081,DATA_SPECTRO/56/61.png,5,7
1082,DATA_SPECTRO/56/62.png,5,7
1083,DATA_SPECTRO/56/7.png,5,7
1084,DATA_SPECTRO/56/8.png,5,7
1085,DATA_SPECTRO/56/9.png,5,7
1086,DATA_SPECTRO/58/0.png,7,8
1087,DATA_SPECTRO/58/1.png,7,8
1088,DATA_SPECTRO/58/10.png,7,8
1089,DATA_SPECTRO/58/11.png,7,8
1090,DATA_SPECTRO/58/12.png,7,8
1091,DATA_SPECTRO/58/13.png,7,8
1092,DATA_SPECTRO/58/14.png,7,8
1093,DATA_SPECTRO/58/15.png,7,8
1094,DATA_SPECTRO/58/16.png,7,8
1095,DATA_SPECTRO/58/17.png,7,8
1096,DATA_SPECTRO/58/18.png,7,8
1097,DATA_SPECTRO/58/19.png,7,8
1098,DATA_SPECTRO/58/2.png,7,8
1099,DATA_SPECTRO/58/20.png,7,8
1100,DATA_SPECTRO/58/21.png,7,8
1101,DATA_SPECTRO/58/22.png,7,8
1102,DATA_SPECTRO/58/23.png,7,8
1103,DATA_SPECTRO/58/24.png,7,8
1104,DATA_SPECTRO/58/25.png,7,8
1105,DATA_SPECTRO/58/26.png,7,8
1106,DATA_SPECTRO/58/27.png,7,8
1107,DATA_SPECTRO/58/28.png,7,8
1108,DATA_SPECTRO/58/29.png,7,8
1109,DATA_SPECTRO/58/3.png,7,8
1110,DATA_SPECTRO/58/30.png,7,8
1111,DATA_SPECTRO/58/31.png,7,8
1112,DATA_SPECTRO/58/32.png,7,8
1113,DATA_SPECTRO/58/33.png,7,8
1114,DATA_SPECTRO/58/34.png,7,8
1115,DATA_SPECTRO/58/35.png,7,8
1116,DATA_SPECTRO/58/36.png,7,8
1117,DATA_SPECTRO/58/37.png,7,8
1118,DATA_SPECTRO/58/38.png,7,8
1119,DATA_SPECTRO/58/39.png,7,8
1120,DATA_SPECTRO/58/4.png,7,8
1121,DATA_SPECTRO/58/40.png,7,8
1122,DATA_SPECTRO/58/41.png,7,8
1123,DATA_SPECTRO/58/42.png,7,8
1124,DATA_SPECTRO/58/43.png,7,8
1125,DATA_SPECTRO/58/44.png,7,8
1126,DATA_SPECTRO/58/45.png,7,8
1127,DATA_SPECTRO/58/46.png,7,8
1128,DATA_SPECTRO/58/47.png,7,8
1129,DATA_SPECTRO/58/48.png,7,8
1130,DATA_SPECTRO/58/49.png,7,8
1131,DATA_SPECTRO/58/5.png,7,8
1132,DATA_SPECTRO/58/50.png,7,8
1133,DATA_SPECTRO/58/51.png,7,8
1134,DATA_SPECTRO/58/52.png,7,8
1135,DATA_SPECTRO/58/53.png,7,8
1136,DATA_SPECTRO/58/54.png,7,8
1137,DATA_SPECTRO/58/6.png,7,8
1138,DATA_SPECTRO/58/7.png,7,8
1139,DATA_SPECTRO/58/8.png,7,8
1140,DATA_SPECTRO/58/9.png,7,8
1141,DATA_SPECTRO/62/0.png,2,4
1142,DATA_SPECTRO/62/1.png,2,4
1143,DATA_SPECTRO/62/10.png,2,4
1144,DATA_SPECTRO/62/11.png,2,4
1145,DATA_SPECTRO/62/12.png,2,4
1146,DATA_SPECTRO/62/13.png,2,4
1147,DATA_SPECTRO/62/14.png,2,4
1148,DATA_SPECTRO/62/15.png,2,4
1149,DATA_SPECTRO/62/16.png,2,4
1150,DATA_SPECTRO/62/17.png,2,4
1151,DATA_SPECTRO/62/18.png,2,4
1152,DATA_SPECTRO/62/19.png,2,4
1153,DATA_SPECTRO/62/2.png,2,4
1154,DATA_SPECTRO/62/20.png,2,4
1155,DATA_SPECTRO/62/21.png,2,4
1156,DATA_SPECTRO/62/22.png,2,4
1157,DATA_SPECTRO/62/23.png,2,4
1158,DATA_SPECTRO/62/24.png,2,4
1159,DATA_SPECTRO/62/25.png,2,4
1160,DATA_SPECTRO/62/26.png,2,4
1161,DATA_SPECTRO/62/27.png,2,4
1162,DATA_SPECTRO/62/28.png,2,4
1163,DATA_SPECTRO/62/29.png,2,4
1164,DATA_SPECTRO/62/3.png,2,4
1165,DATA_SPECTRO/62/30.png,2,4
1166,DATA_SPECTRO/62/31.png,2,4
1167,DATA_SPECTRO/62/32.png,2,4
1168,DATA_SPECTRO/62/33.png,2,4
1169,DATA_SPECTRO/62/34.png,2,4
1170,DATA_SPECTRO/62/35.png,2,4
1171,DATA_SPECTRO/62/36.png,2,4
1172,DATA_SPECTRO/62/37.png,2,4
1173,DATA_SPECTRO/62/38.png,2,4
1174,DATA_SPECTRO/62/39.png,2,4
1175,DATA_SPECTRO/62/4.png,2,4
1176,DATA_SPECTRO/62/40.png,2,4
1177,DATA_SPECTRO/62/41.png,2,4
1178,DATA_SPECTRO/62/42.png,2,4
1179,DATA_SPECTRO/62/43.png,2,4
1180,DATA_SPECTRO/62/44.png,2,4
1181,DATA_SPECTRO/62/45.png,2,4
1182,DATA_SPECTRO/62/46.png,2,4
1183,DATA_SPECTRO/62/47.png,2,4
1184,DATA_SPECTRO/62/48.png,2,4
1185,DATA_SPECTRO/62/49.png,2,4
1186,DATA_SPECTRO/62/5.png,2,4
1187,DATA_SPECTRO/62/50.png,2,4
1188,DATA_SPECTRO/62/51.png,2,4
1189,DATA_SPECTRO/62/52.png,2,4
1190,DATA_SPECTRO/62/6.png,2,4
1191,DATA_SPECTRO/62/7.png,2,4
1192,DATA_SPECTRO/62/8.png,2,4
1193,DATA_SPECTRO/62/9.png,2,4
1194,DATA_SPECTRO/64/0.png,4,6
1195,DATA_SPECTRO/64/1.png,4,6
1196,DATA_SPECTRO/64/10.png,4,6
1197,DATA_SPECTRO/64/11.png,4,6
1198,DATA_SPECTRO/64/12.png,4,6
1199,DATA_SPECTRO/64/13.png,4,6
1200,DATA_SPECTRO/64/14.png,4,6
1201,DATA_SPECTRO/64/15.png,4,6
1202,DATA_SPECTRO/64/16.png,4,6
1203,DATA_SPECTRO/64/17.png,4,6
1204,DATA_SPECTRO/64/18.png,4,6
1205,DATA_SPECTRO/64/19.png,4,6
1206,DATA_SPECTRO/64/2.png,4,6
1207,DATA_SPECTRO/64/20.png,4,6
1208,DATA_SPECTRO/64/21.png,4,6
1209,DATA_SPECTRO/64/22.png,4,6
1210,DATA_SPECTRO/64/23.png,4,6
1211,DATA_SPECTRO/64/24.png,4,6
1212,DATA_SPECTRO/64/25.png,4,6
1213,DATA_SPECTRO/64/26.png,4,6
1214,DATA_SPECTRO/64/27.png,4,6
1215,DATA_SPECTRO/64/28.png,4,6
1216,DATA_SPECTRO/64/29.png,4,6
1217,DATA_SPECTRO/64/3.png,4,6
1218,DATA_SPECTRO/64/30.png,4,6
1219,DATA_SPECTRO/64/31.png,4,6
1220,DATA_SPECTRO/64/32.png,4,6
1221,DATA_SPECTRO/64/33.png,4,6
1222,DATA_SPECTRO/64/34.png,4,6
1223,DATA_SPECTRO/64/35.png,4,6
1224,DATA_SPECTRO/64/36.png,4,6
1225,DATA_SPECTRO/64/37.png,4,6
1226,DATA_SPECTRO/64/38.png,4,6
1227,DATA_SPECTRO/64/39.png,4,6
1228,DATA_SPECTRO/64/4.png,4,6
1229,DATA_SPECTRO/64/40.png,4,6
1230,DATA_SPECTRO/64/41.png,4,6
1231,DATA_SPECTRO/64/42.png,4,6
1232,DATA_SPECTRO/64/43.png,4,6
1233,DATA_SPECTRO/64/44.png,4,6
1234,DATA_SPECTRO/64/45.png,4,6
1235,DATA_SPECTRO/64/46.png,4,6
1236,DATA_SPECTRO/64/47.png,4,6
1237,DATA_SPECTRO/64/48.png,4,6
1238,DATA_SPECTRO/64/49.png,4,6
1239,DATA_SPECTRO/64/5.png,4,6
1240,DATA_SPECTRO/64/50.png,4,6
1241,DATA_SPECTRO/64/51.png,4,6
1242,DATA_SPECTRO/64/52.png,4,6
1243,DATA_SPECTRO/64/53.png,4,6
1244,DATA_SPECTRO/64/54.png,4,6
1245,DATA_SPECTRO/64/55.png,4,6
1246,DATA_SPECTRO/64/56.png,4,6
1247,DATA_SPECTRO/64/57.png,4,6
1248,DATA_SPECTRO/64/58.png,4,6
1249,DATA_SPECTRO/64/59.png,4,6
1250,DATA_SPECTRO/64/6.png,4,6
1251,DATA_SPECTRO/64/60.png,4,6
1252,DATA_SPECTRO/64/61.png,4,6
1253,DATA_SPECTRO/64/7.png,4,6
1254,DATA_SPECTRO/64/8.png,4,6
1255,DATA_SPECTRO/64/9.png,4,6
1256,DATA_SPECTRO/65/0.png,3,7
1257,DATA_SPECTRO/65/1.png,3,7
1258,DATA_SPECTRO/65/10.png,3,7
1259,DATA_SPECTRO/65/11.png,3,7
1260,DATA_SPECTRO/65/12.png,3,7
1261,DATA_SPECTRO/65/13.png,3,7
1262,DATA_SPECTRO/65/14.png,3,7
1263,DATA_SPECTRO/65/15.png,3,7
1264,DATA_SPECTRO/65/16.png,3,7
1265,DATA_SPECTRO/65/17.png,3,7
1266,DATA_SPECTRO/65/18.png,3,7
1267,DATA_SPECTRO/65/19.png,3,7
1268,DATA_SPECTRO/65/2.png,3,7
1269,DATA_SPECTRO/65/20.png,3,7
1270,DATA_SPECTRO/65/21.png,3,7
1271,DATA_SPECTRO/65/22.png,3,7
1272,DATA_SPECTRO/65/23.png,3,7
1273,DATA_SPECTRO/65/24.png,3,7
1274,DATA_SPECTRO/65/25.png,3,7
1275,DATA_SPECTRO/65/26.png,3,7
1276,DATA_SPECTRO/65/27.png,3,7
1277,DATA_SPECTRO/65/28.png,3,7
1278,DATA_SPECTRO/65/29.png,3,7
1279,DATA_SPECTRO/65/3.png,3,7
1280,DATA_SPECTRO/65/30.png,3,7
1281,DATA_SPECTRO/65/31.png,3,7
1282,DATA_SPECTRO/65/32.png,3,7
1283,DATA_SPECTRO/65/33.png,3,7
1284,DATA_SPECTRO/65/34.png,3,7
1285,DATA_SPECTRO/65/35.png,3,7
1286,DATA_SPECTRO/65/36.png,3,7
1287,DATA_SPECTRO/65/37.png,3,7
1288,DATA_SPECTRO/65/38.png,3,7
1289,DATA_SPECTRO/65/39.png,3,7
1290,DATA_SPECTRO/65/4.png,3,7
1291,DATA_SPECTRO/65/40.png,3,7
1292,DATA_SPECTRO/65/41.png,3,7
1293,DATA_SPECTRO/65/42.png,3,7
1294,DATA_SPECTRO/65/43.png,3,7
1295,DATA_SPECTRO/65/44.png,3,7
1296,DATA_SPECTRO/65/45.png,3,7
1297,DATA_SPECTRO/65/46.png,3,7
1298,DATA_SPECTRO/65/47.png,3,7
1299,DATA_SPECTRO/65/48.png,3,7
1300,DATA_SPECTRO/65/49.png,3,7
1301,DATA_SPECTRO/65/5.png,3,7
1302,DATA_SPECTRO/65/50.png,3,7
1303,DATA_SPECTRO/65/51.png,3,7
1304,DATA_SPECTRO/65/6.png,3,7
1305,DATA_SPECTRO/65/7.png,3,7
1306,DATA_SPECTRO/65/8.png,3,7
1307,DATA_SPECTRO/65/9.png,3,7
